Node,X,Y,Z,S11,S22,S33,S12,S13,S23,ElementContributions
4813,0.0,-0.0,0.0,-8718352.0,9541294.0,10913345.0,-277198.875,437667.15625,153038.296875,8
13497,0.00125,-0.0,0.0,-8272379.375,9211179.0,10558706.75,-272325.109375,400206.796875,139939.6015625,4
4822,0.0025,-0.0,0.0,-8657774.625,7912668.0625,9199900.875,-259903.34375,370666.546875,129610.3232421875,8
13529,0.00375,-0.0,0.0,-7691039.75,6559272.25,7708849.5,-234313.08203125,266485.1796875,93181.40625,4
1477,0.005,-0.0,0.0,-6864719.8125,4411770.5,5310497.875,-194906.25390625,168927.244140625,59068.491943359375,8
6722,0.00625,-0.0,0.0,-6305425.0,2293152.5,2948180.625,-152436.05859375,59346.65362548828,20751.63916015625,4
3913,0.0075,-0.0,0.0,-5443020.625,1181265.21875,1579173.984375,-106628.375,-17680.10546875,-6182.171875,8
6742,0.00875,-0.0,0.0,-6150508.25,166585.125,361194.8828125,-67456.8046875,-29463.0244140625,-10302.284057617188,4
3916,0.01,-0.0,0.0,-6339808.5,-197652.611328125,-138078.478515625,-40529.9296875,-31381.678871154785,-10973.175537109375,8
6756,0.01125,-0.0,0.0,-6801342.0,-244713.78515625,-236503.171875,-23372.7412109375,-32363.126953125,-11316.35791015625,4
3919,0.0125,-0.0,0.0,-7109799.25,-200514.0703125,-213000.375,-11962.17919921875,-31785.9130859375,-11114.52417755127,8
6770,0.01375,-0.0,0.0,-7233122.25,-126591.681640625,-144218.27734375,-6083.1943359375,-28527.73046875,-9975.2412109375,4
3922,0.015,-0.0,0.0,-7382958.125,-99274.8994140625,-115605.3623046875,-2466.5,-27477.41357421875,-9607.979187011719,8
6784,0.01625,-0.0,0.0,-7388296.75,-45315.7958984375,-57560.0458984375,-705.6431121826172,-26479.8193359375,-9259.15185546875,4
3925,0.0175,-0.0,0.0,-7436826.5625,-29430.498779296875,-37155.412841796875,268.84486389160156,-26608.9521484375,-9304.3056640625,8
6798,0.01875,-0.0,0.0,-7433314.75,-11453.34765625,-16274.696533203125,582.7377777099609,-25789.6962890625,-9017.83740234375,4
3928,0.02,-0.0,0.0,-7444171.9375,-6813.9920654296875,-9336.051940917969,678.6155242919922,-26290.6904296875,-9193.01953125,8
6812,0.02125,-0.0,0.0,-7440243.25,-1688.1840209960938,-2979.249755859375,618.243408203125,-25613.5,-8956.2275390625,4
3931,0.0225,-0.0,0.0,-7441323.125,-574.389778137207,-1045.3932876586914,522.6205596923828,-26211.796875,-9165.43310546875,8
6826,0.02375,-0.0,0.0,-7439875.0,208.5210418701172,87.94756126403809,410.0729675292969,-25554.3056640625,-8935.529296875,4
3934,0.025,-0.0,0.0,-7439335.25,313.3265266418457,374.6521453857422,309.6454849243164,-26187.1943359375,-9156.83056640625,8
6840,0.02625,-0.0,0.0,-7438869.375,267.91284942626953,374.05150604248047,226.89390182495117,-25541.1015625,-8930.912109375,4
3937,0.0275,-0.0,0.0,-7438470.4375,226.63174438476562,331.0843391418457,160.97136688232422,-26181.822265625,-9154.95166015625,8
6854,0.02875,-0.0,0.0,-7438381.25,117.8767204284668,201.17351531982422,112.72879028320312,-25537.4150390625,-8929.62255859375,4
3940,0.03,-0.0,0.0,-7438217.875,86.67603015899658,143.51392459869385,76.35362815856934,-26180.57275390625,-9154.5146484375,8
6868,0.03125,-0.0,0.0,-7438213.5,35.562010765075684,72.82474136352539,51.564361572265625,-25536.8310546875,-8929.4189453125,4
3943,0.0325,-0.0,0.0,-7438165.5,24.0626003742218,44.97551918029785,33.544989585876465,-26180.41015625,-9154.4580078125,8
6882,0.03375,-0.0,0.0,-7438173.0,7.34035849571228,18.995408058166504,21.885094165802002,-25536.71875,-8929.37939453125,4
3946,0.035,-0.0,0.0,-7438163.5,4.373126685619354,9.5270756483078,13.659189462661743,-26180.39892578125,-9154.4541015625,8
6896,0.03625,-0.0,0.0,-7438168.0,0.5794373750686646,2.6755404472351074,8.578012704849243,-25536.7236328125,-8929.380859375,4
3949,0.0375,-0.0,0.0,-7438167.75,0.10786115098744631,0.41780985705554485,5.094522595405579,-26180.40771484375,-9154.45703125,8
6910,0.03875,-0.0,0.0,-7438169.5,-0.31015531718730927,-0.6196826100349426,3.0430540442466736,-25536.7275390625,-8929.3828125,4
3952,0.04,-0.0,0.0,-7438170.25,-0.3131628893315792,-0.8324761539697647,1.6809501945972443,-26180.412109375,-9154.45849609375,8
6924,0.04125,-0.0,0.0,-7438170.5,-0.1796039342880249,-0.6613850444555283,0.9241408258676529,-25536.73046875,-8929.38330078125,4
3955,0.0425,-0.0,0.0,-7438171.25,-0.1562196370214224,-0.5216607302427292,0.4425853304564953,-26180.4130859375,-9154.458984375,8
6938,0.04375,-0.0,0.0,-7438171.5,-0.0535332215949893,-0.3099401891231537,0.19710610806941986,-25536.73046875,-8929.3837890625,4
3958,0.045,-0.0,0.0,-7438171.5,-0.04871196928434074,-0.2037745639681816,0.05173554411157966,-26180.4130859375,-9154.458984375,8
6952,0.04625,-0.0,0.0,-7438171.5,-0.009707185672596097,-0.10226942785084248,-0.010442871367558837,-25536.7314453125,-8929.3837890625,4
3961,0.0475,-0.0,0.0,-7438171.5,-0.011194503342267126,-0.056929475627839565,-0.04089609533548355,-26180.4130859375,-9154.458984375,8
6966,0.04875,-0.0,0.0,-7438171.5,-0.0008909576572477818,-0.02289226884022355,-0.04638783633708954,-25536.73046875,-8929.3837890625,4
3964,0.05,-0.0,0.0,-7438171.5,-0.0021615521982312202,-0.009099487448111176,-0.044281572569161654,-26180.412109375,-9154.458984375,8
6980,0.05125,-0.0,0.0,-7438171.5,-0.0003168507246300578,-0.001165586058050394,-0.037040661089122295,-25536.73046875,-8929.3837890625,4
3967,0.0525,-0.0,0.0,-7438171.5,-0.0005864546401426196,0.001437842845916748,-0.02945868531242013,-26180.412109375,-9154.458984375,8
6994,0.05375,-0.0,0.0,-7438171.5,-0.0004439186304807663,0.0020767415408045053,-0.02231836412101984,-25536.73046875,-8929.3837890625,4
3970,0.055,-0.0,0.0,-7438171.5,-0.00029991893097758293,0.001919628819450736,-0.016340443398803473,-26180.412109375,-9154.458984375,8
7008,0.05625,-0.0,0.0,-7438171.5,-0.0003207237459719181,0.0013636744115501642,-0.011713566025719047,-25536.73046875,-8929.3837890625,4
3973,0.0575,-0.0,0.0,-7438171.5,-0.0001512289745733142,0.0009479471482336521,-0.0081298389704898,-26180.412109375,-9154.458984375,8
7022,0.05875,-0.0,0.0,-7438171.5,-0.00014808576088398695,0.0005496952217072248,-0.005598714458756149,-25536.73046875,-8929.3837890625,4
3976,0.06,-0.0,0.0,-7438171.5,-5.373358726501465e-05,0.00032195704989135265,-0.003723616013303399,-26180.412109375,-9154.458984375,8
7036,0.06125,-0.0,0.0,-7438171.5,-4.416727460920811e-05,0.00015610340051352978,-0.0024764632689766586,-25536.73046875,-8929.3837890625,4
3979,0.0625,-0.0,0.0,-7438171.5,-8.251634426414967e-06,7.287692278623581e-05,-0.0015822963032405823,-26180.412109375,-9154.458984375,8
7050,0.06375,-0.0,0.0,-7438171.5,-3.959285095334053e-06,2.3874687030911446e-05,-0.0010157437936868519,-25536.73046875,-8929.3837890625,4
3982,0.065,-0.0,0.0,-7438171.5,4.6781497076153755e-06,3.236113116145134e-06,-0.0006210569408722222,-26180.412109375,-9154.458984375,8
7064,0.06625,-0.0,0.0,-7438171.5,4.907487891614437e-06,-5.486654117703438e-06,-0.000382271726266481,-25536.73046875,-8929.3837890625,4
3985,0.0675,-0.0,0.0,-7438171.5,4.905276000499725e-06,-7.316702976822853e-06,-0.0002207469442510046,-26180.412109375,-9154.458984375,8
7078,0.06875,-0.0,0.0,-7438171.5,3.979308530688286e-06,-6.360700353980064e-06,-0.00012787873129127547,-25536.73046875,-8929.3837890625,4
3988,0.07,-0.0,0.0,-7438171.5,2.627144567668438e-06,-4.7674402594566345e-06,-6.725590355927125e-05,-26180.412109375,-9154.458984375,8
7092,0.07125,-0.0,0.0,-7438171.5,1.8511200323700905e-06,-3.1157396733760834e-06,-3.46573569913744e-05,-25536.73046875,-8929.3837890625,4
3991,0.0725,-0.0,0.0,-7438171.5,9.974464774131775e-07,-1.866137608885765e-06,-1.4460982811215217e-05,-26180.412109375,-9154.458984375,8
7106,0.07375,-0.0,0.0,-7438171.5,6.41215592622757e-07,-1.0258518159389496e-06,-4.7593478029739344e-06,-25536.73046875,-8929.3837890625,4
3994,0.075,-0.0,0.0,-7438171.5,3.4156255424022675e-07,-4.407484084367752e-07,6.731957213901296e-07,-26180.412109375,-9154.458984375,8
7120,0.07625,-0.0,0.0,-7438171.5,1.5506520867347717e-07,-1.878943294286728e-07,2.605303905056644e-06,-25536.73046875,-8929.3837890625,4
3997,0.0775,-0.0,0.0,-7438171.5,3.608874976634979e-08,-2.0023435354232788e-08,3.326708849726856e-06,-26180.412109375,-9154.458984375,8
7134,0.07875,-0.0,0.0,-7438171.5,8.149072527885437e-09,3.189779818058014e-08,3.101443667219428e-06,-25536.73046875,-8929.3837890625,4
4000,0.08,-0.0,0.0,-7438171.5,3.492459543785742e-09,3.4691765904426575e-08,2.6752689166187338e-06,-26180.412109375,-9154.458984375,8
7148,0.08125,-0.0,0.0,-7438171.5,-1.501757651567459e-08,5.75091689825058e-08,2.105150542774936e-06,-25536.73046875,-8929.3837890625,4
4003,0.0825,-0.0,0.0,-7438171.5,-2.0605511963367462e-08,3.934837877750397e-08,1.589672322666047e-06,-26180.412109375,-9154.458984375,8
7162,0.08375,-0.0,0.0,-7438171.5,-2.9453076422214508e-08,2.0954757928848267e-08,1.1606697114530107e-06,-25536.73046875,-8929.3837890625,4
4006,0.085,-0.0,0.0,-7438171.5,-1.1059455573558807e-08,1.257285475730896e-08,8.321903237629158e-07,-26180.412109375,-9154.458984375,8
7176,0.08625,-0.0,0.0,-7438171.5,-6.51925802230835e-09,1.955777229056821e-08,5.848957869147853e-07,-25536.73046875,-8929.3837890625,4
4009,0.0875,-0.0,0.0,-7438171.5,3.841705620288849e-09,3.934837877750397e-08,4.076118038653931e-07,-26180.412109375,-9154.458984375,8
7190,0.08875,-0.0,0.0,-7438171.5,-1.5133991837501526e-09,4.423782229423523e-09,2.80042129929825e-07,-25536.73046875,-8929.3837890625,4
4012,0.09,-0.0,0.0,-7438171.5,5.0058587275358946e-09,1.0943040251731873e-08,1.8426224102086053e-07,-26180.412109375,-9154.458984375,8
7204,0.09125,-0.0,0.0,-7438171.5,2.3283064365386963e-09,-6.984919309616089e-10,1.2186849573936342e-07,-25536.73046875,-8929.3837890625,4
4015,0.0925,-0.0,0.0,-7438171.5,1.7229467630386353e-08,-1.0244548320770264e-08,7.393294332302958e-08,-26180.412109375,-9154.458984375,8
7218,0.09375,-0.0,0.0,-7438171.5,3.259629011154175e-09,-1.210719347000122e-08,5.22684491244263e-08,-25536.73046875,-8929.3837890625,4
4018,0.095,-0.0,0.0,-7438171.5,1.80443749941972e-08,2.537854015827179e-08,3.1607360062579914e-08,-26180.412109375,-9154.458984375,8
7232,0.09625,-0.0,0.0,-7438171.5,3.3993273973464966e-08,-6.28642737865448e-09,1.8882318819635202e-08,-25536.73046875,-8929.3837890625,4
4021,0.0975,-0.0,0.0,-7438171.5,3.795139491558075e-08,-2.2584572434425354e-08,1.0079691858955186e-08,-26180.412109375,-9154.458984375,8
7246,0.09875,-0.0,0.0,-7438171.5,2.805609256029129e-08,1.792795956134796e-08,8.118484995378594e-09,-25536.73046875,-8929.3837890625,4
1486,0.1,0.0,0.0,-7438171.5,2.4097971618175507e-08,4.516914486885071e-08,1.8152567782259155e-08,-26180.412109375,-9154.458984375,4
